{
  "ranAt": "2026-05-16T08:57:16.111Z",
  "git": {
    "sha": "2899964",
    "dirty": true
  },
  "experiment": "sub-atlas-rebuild",
  "params": {
    "captureResolution": {
      "width": 1280,
      "height": 720
    },
    "atlasResolution": {
      "width": 540,
      "height": 983
    },
    "totalCells": 16,
    "subAtlasCounts": [
      1,
      2,
      4
    ],
    "recordSeconds": 4,
    "runSeconds": 4,
    "maxQueue": 8,
    "realtimeFps": 28
  },
  "device": {
    "userAgent": "Mozilla/5.0 (Linux; Android 10; K) AppleWebKit/537.36 (KHTML, like Gecko) Chrome/148.0.0.0 Mobile Safari/537.36",
    "viewport": {
      "width": 384,
      "height": 699
    }
  },
  "result": {
    "ks": [
      {
        "k": 1,
        "subAtlas": {
          "width": 540,
          "height": 983,
          "cells": "4×4"
        },
        "prebuildMsEach": [
          6154
        ],
        "baselinePlayback": {
          "perDecoderFps": [
            119.50367425611373
          ],
          "minFps": 119.50367425611373,
          "aggregateFps": 119.50367425611373,
          "realtimeOk": true
        },
        "contended": {
          "captureFrames": 118,
          "captureBytes": 1305554,
          "perDecoderFps": [
            28.702426659676615
          ],
          "minFps": 28.702426659676615,
          "buildMs": 7822.5,
          "buildRateVsRealtime": 1.99125,
          "buildCompletedInWindow": false,
          "realtimeOk": true
        }
      },
      {
        "k": 2,
        "subAtlas": {
          "width": 540,
          "height": 491.5,
          "cells": "4×2"
        },
        "prebuildMsEach": [
          3621,
          3447.0999999940395
        ],
        "baselinePlayback": {
          "perDecoderFps": [
            94.41499019563888,
            89.3311061081814
          ],
          "minFps": 89.3311061081814,
          "aggregateFps": 183.74609630382028,
          "realtimeOk": true
        },
        "contended": {
          "captureFrames": 116,
          "captureBytes": 1288471,
          "perDecoderFps": [
            40.382110290924885,
            33.651758575770735
          ],
          "minFps": 33.651758575770735,
          "buildMs": 4859.4000000059605,
          "buildRateVsRealtime": 1.2334249999970197,
          "buildCompletedInWindow": false,
          "realtimeOk": true
        }
      },
      {
        "k": 4,
        "subAtlas": {
          "width": 270,
          "height": 491.5,
          "cells": "2×2"
        },
        "prebuildMsEach": [
          2398.0999999940395,
          2578.0999999940395,
          2556.4000000059605,
          2438.4000000059605
        ],
        "baselinePlayback": {
          "perDecoderFps": [
            62.030299415483725,
            55.82726947393535,
            53.44148872718598,
            53.20291065251104
          ],
          "minFps": 53.20291065251104,
          "aggregateFps": 224.50196826911608,
          "realtimeOk": true
        },
        "contended": {
          "captureFrames": 100,
          "captureBytes": 1122568,
          "perDecoderFps": [
            43.48960598405705,
            38.05340523604992,
            37.40106114628907,
            33.9218926675645
          ],
          "minFps": 33.9218926675645,
          "buildMs": 4623.5,
          "buildRateVsRealtime": 1.175,
          "buildCompletedInWindow": false,
          "realtimeOk": true
        }
      }
    ]
  }
}
