{
  "ranAt": "2026-05-16T14:41:16.181Z",
  "git": {
    "sha": "6a9ee1e",
    "dirty": true
  },
  "experiment": "progressive-overlap-chunked",
  "params": {
    "captureResolution": {
      "width": 1280,
      "height": 720
    },
    "canvasResolution": {
      "width": 540,
      "height": 982
    },
    "takeSeconds": 6,
    "stages": 9,
    "bitmapResolution": {
      "width": 128,
      "height": 232
    },
    "chunkCount": 3,
    "atlasResolutionWidth": 540,
    "atlasCellWidth": 540,
    "atlasCellHeight": 100
  },
  "device": {
    "userAgent": "Mozilla/5.0 (Linux; Android 10; K) AppleWebKit/537.36 (KHTML, like Gecko) Chrome/148.0.0.0 Mobile Safari/537.36",
    "viewport": {
      "width": 384,
      "height": 755
    }
  },
  "result": {
    "stages": [
      {
        "stage": 1,
        "cellCount": 1,
        "bitmapKeepUpRatio": 1.0057471264367817,
        "gapBeforeThisTakeMs": 0,
        "recordRenderFps": 58.832157233193286,
        "recordJank": {
          "framesObserved": 361,
          "meanMs": 16.816343490271688,
          "medianMs": 16.599999994039536,
          "p95Ms": 23.099999994039536,
          "p99Ms": 28.900000005960464,
          "maxMs": 31.5,
          "over16ms": 221,
          "over33ms": 0,
          "over50ms": 0,
          "over100ms": 0,
          "over33msRatio": 0,
          "longestJankStreak": 0,
          "jankScore": 0,
          "histogramMs": [
            7,
            307,
            44,
            3,
            0,
            0,
            0,
            0,
            0,
            0,
            0,
            0,
            0,
            0,
            0,
            0,
            0,
            0,
            0,
            0,
            0
          ]
        },
        "integrity": {
          "framesActual": 174,
          "framesDropped": 3,
          "measuredFps": 29.517147244497522
        },
        "opfsBytes": 20787200,
        "opfsWriteTotalMs": 89.40000012516975,
        "decodeMs": 1323.300000011921,
        "buildChunks": [
          {
            "frameStart": 0,
            "frameEnd": 58,
            "compositeMs": 1488.0999999940395,
            "atlasBytes": 40799
          },
          {
            "frameStart": 58,
            "frameEnd": 116,
            "compositeMs": 1459.7999999821186,
            "atlasBytes": 43263
          },
          {
            "frameStart": 116,
            "frameEnd": 174,
            "compositeMs": 1663.199999988079,
            "atlasBytes": 38405
          }
        ],
        "buildTotalMs": 4616.4000000059605,
        "buildCompletedBeforeStageEnd": true
      },
      {
        "stage": 2,
        "cellCount": 2,
        "bitmapKeepUpRatio": 0.9273743016759777,
        "gapBeforeThisTakeMs": 1332,
        "recordRenderFps": 56.50269486932903,
        "recordJank": {
          "framesObserved": 347,
          "meanMs": 17.642939481250835,
          "medianMs": 16.799999982118607,
          "p95Ms": 25.599999994039536,
          "p99Ms": 47.400000005960464,
          "maxMs": 52.400000005960464,
          "over16ms": 228,
          "over33ms": 9,
          "over50ms": 2,
          "over100ms": 0,
          "over33msRatio": 0.025936599423631124,
          "longestJankStreak": 4,
          "jankScore": 3.390086456135302,
          "histogramMs": [
            1,
            298,
            36,
            8,
            2,
            2,
            0,
            0,
            0,
            0,
            0,
            0,
            0,
            0,
            0,
            0,
            0,
            0,
            0,
            0,
            0
          ]
        },
        "integrity": {
          "framesActual": 179,
          "framesDropped": 0,
          "measuredFps": 29.920995125231133
        },
        "opfsBytes": 19718144,
        "opfsWriteTotalMs": 86.79999965429306,
        "decodeMs": 1277,
        "buildChunks": [
          {
            "frameStart": 0,
            "frameEnd": 58,
            "compositeMs": 1615.5,
            "atlasBytes": 40799
          },
          {
            "frameStart": 58,
            "frameEnd": 116,
            "compositeMs": 1187.699999988079,
            "atlasBytes": 43263
          },
          {
            "frameStart": 116,
            "frameEnd": 174,
            "compositeMs": 1630.4000000059605,
            "atlasBytes": 38405
          }
        ],
        "buildTotalMs": 4437.700000017881,
        "buildCompletedBeforeStageEnd": true
      },
      {
        "stage": 3,
        "cellCount": 3,
        "bitmapKeepUpRatio": 0.9382022471910112,
        "gapBeforeThisTakeMs": 1280.800000011921,
        "recordRenderFps": 56.67608561515695,
        "recordJank": {
          "framesObserved": 349,
          "meanMs": 17.556446991455246,
          "medianMs": 16.69999998807907,
          "p95Ms": 23.100000023841858,
          "p99Ms": 47.599999994039536,
          "maxMs": 78.19999998807907,
          "over16ms": 243,
          "over33ms": 6,
          "over50ms": 3,
          "over100ms": 0,
          "over33msRatio": 0.017191977077363897,
          "longestJankStreak": 1,
          "jankScore": 15.405472778153623,
          "histogramMs": [
            5,
            302,
            33,
            5,
            1,
            0,
            1,
            2,
            0,
            0,
            0,
            0,
            0,
            0,
            0,
            0,
            0,
            0,
            0,
            0,
            0
          ]
        },
        "integrity": {
          "framesActual": 178,
          "framesDropped": 0,
          "measuredFps": 29.918864097363084
        },
        "opfsBytes": 19836928,
        "opfsWriteTotalMs": 111.39999997615814,
        "decodeMs": 1257.3999999761581,
        "buildChunks": [
          {
            "frameStart": 0,
            "frameEnd": 58,
            "compositeMs": 1728.199999988079,
            "atlasBytes": 40799
          },
          {
            "frameStart": 58,
            "frameEnd": 116,
            "compositeMs": 1597.3999999761581,
            "atlasBytes": 43263
          },
          {
            "frameStart": 116,
            "frameEnd": 174,
            "compositeMs": 1459.9000000059605,
            "atlasBytes": 38405
          }
        ],
        "buildTotalMs": 4788.5999999940395,
        "buildCompletedBeforeStageEnd": true
      },
      {
        "stage": 4,
        "cellCount": 4,
        "bitmapKeepUpRatio": 0.9497206703910615,
        "gapBeforeThisTakeMs": 1260.7000000178814,
        "recordRenderFps": 57.32023782155859,
        "recordJank": {
          "framesObserved": 349,
          "meanMs": 17.30916905445834,
          "medianMs": 16.700000017881393,
          "p95Ms": 22.80000001192093,
          "p99Ms": 38.19999998807907,
          "maxMs": 53,
          "over16ms": 247,
          "over33ms": 5,
          "over50ms": 1,
          "over100ms": 0,
          "over33msRatio": 0.014326647564469915,
          "longestJankStreak": 1,
          "jankScore": 2.093151860547954,
          "histogramMs": [
            3,
            296,
            43,
            4,
            2,
            1,
            0,
            0,
            0,
            0,
            0,
            0,
            0,
            0,
            0,
            0,
            0,
            0,
            0,
            0,
            0
          ]
        },
        "integrity": {
          "framesActual": 179,
          "framesDropped": 0,
          "measuredFps": 29.92602555480834
        },
        "opfsBytes": 20193280,
        "opfsWriteTotalMs": 102.09999993443489,
        "decodeMs": 1292,
        "buildChunks": [
          {
            "frameStart": 0,
            "frameEnd": 58,
            "compositeMs": 1692.5999999940395,
            "atlasBytes": 40799
          },
          {
            "frameStart": 58,
            "frameEnd": 116,