{
  "ranAt": "2026-05-14T20:58:31.315Z",
  "git": {
    "sha": "3780636",
    "dirty": true
  },
  "experiment": "grid-streaming",
  "params": {
    "captureResolution": {
      "width": 1280,
      "height": 720
    },
    "totalResolution": {
      "width": 1080,
      "height": 1965
    },
    "gridSizes": [
      4,
      9,
      16,
      25
    ],
    "recordSeconds": 6,
    "runSeconds": 6,
    "maxQueue": 8,
    "realtimeFps": 28
  },
  "device": {
    "userAgent": "Mozilla/5.0 (Linux; Android 10; K) AppleWebKit/537.36 (KHTML, like Gecko) Chrome/148.0.0.0 Mobile Safari/537.36",
    "viewport": {
      "width": 384,
      "height": 699
    }
  },
  "result": {
    "source": {
      "requested": "1280x720",
      "actual": "720x1280"
    },
    "grids": [
      {
        "n": 4,
        "cell": {
          "target": "540x983",
          "actual": "540x983"
        },
        "transcodeMs": 2484.5999999940395,
        "perDecoderFps": [
          38.626999515129526,
          36.80925836147637,
          35.29447406676541,
          34.08264663099664
        ],
        "minFps": 34.08264663099664,
        "aggregateFps": 144.81337857436793,
        "realtimeOk": true
      },
      {
        "n": 9,
        "cell": {
          "target": "360x655",
          "actual": "360x655"
        },
        "transcodeMs": 1608.199999988079,
        "perDecoderFps": [
          25.74395671522334,
          21.816912470528255,
          21.816912470528255,
          21.38057422111769,
          20.653343805433416,
          20.217005556022848,
          19.780667306612283,
          19.34432905720172,
          19.05343689092801
        ],
        "minFps": 19.05343689092801,
        "aggregateFps": 189.80713849359583,
        "realtimeOk": false
      },
      {
        "n": 16,
        "cell": {
          "target": "270x491",
          "actual": "270x491"
        },
        "transcodeMs": 1611.699999988079,
        "perDecoderFps": [
          24.561307753206126,
          20.467756461005102,
          20.058401331785003,
          19.103239363604764,
          18.148077395424526,
          17.465818846724357,
          16.920012007764218,
          16.37420516880408,
          15.96485003958398,
          15.691946620103913,
          15.28259149088381,
          15.009688071403742,
          14.736784651923674,
          14.463881232443606,
          14.190977812963538,
          14.054526103223505
        ],
        "minFps": 14.054526103223505,
        "aggregateFps": 272.49406435084796,
        "realtimeOk": false
      },
      {
        "n": 25,
        "cell": {
          "target": "216x393",
          "actual": "216x393"
        },
        "transcodeMs": 1617,
        "perDecoderFps": [
          23.072728035519777,
          20.975207305017978,
          19.576860151350115,
          18.178512997682247,
          17.33950470548153,
          16.360661697914022,
          16.080992267180452,
          15.381818690346519,
          14.682645113512585,
          14.402975682779012,
          14.12330625204544,
          13.843636821311867,
          13.004628529111146,
          12.445289667644001,
          12.025785521543641,
          12.165620236910428,
          11.606281375443281,
          11.32661194470971,
          11.046942513976136,
          10.90710779860935,
          10.487603652508989,
          10.487603652508989,
          10.207934221775416,
          9.928264791041844,
          9.788430075675057
        ],
        "minFps": 9.788430075675057,
        "aggregateFps": 349.44695370159957,
        "realtimeOk": false
      }
    ]
  }
}
