{
  "ranAt": "2026-05-16T13:29:17.849Z",
  "git": {
    "sha": "eb8a8b0",
    "dirty": true
  },
  "experiment": "opfs-bitmaps",
  "params": {
    "captureResolution": {
      "width": 1280,
      "height": 720
    },
    "canvasResolution": {
      "width": 540,
      "height": 982
    },
    "takeSeconds": 6,
    "stages": 9,
    "bitmapResolution": {
      "width": 128,
      "height": 232
    },
    "assumedFps": 30
  },
  "device": {
    "userAgent": "Mozilla/5.0 (Linux; Android 10; K) AppleWebKit/537.36 (KHTML, like Gecko) Chrome/148.0.0.0 Mobile Safari/537.36",
    "viewport": {
      "width": 384,
      "height": 699
    }
  },
  "result": {
    "stages": [
      {
        "stage": 1,
        "cellCount": 1,
        "bitmapKeepUpRatio": 0.994413407821229,
        "rebuildMs": 0,
        "rebuildRateVsRealtime": 0,
        "gapBeforeThisTakeMs": 0,
        "atlasReadyDelayMs": 0,
        "recordRenderFps": 58.72836110661705,
        "recordJank": {
          "framesObserved": 363,
          "meanMs": 16.85151515149873,
          "medianMs": 16.69999998807907,
          "p95Ms": 25,
          "p99Ms": 27.200000017881393,
          "maxMs": 44.20000001788139,
          "over16ms": 251,
          "over33ms": 1,
          "over50ms": 0,
          "over100ms": 0,
          "over33msRatio": 0.0027548209366391185,
          "longestJankStreak": 1,
          "jankScore": 0.34556473939543586,
          "histogramMs": [
            24,
            289,
            48,
            1,
            1,
            0,
            0,
            0,
            0,
            0,
            0,
            0,
            0,
            0,
            0,
            0,
            0,
            0,
            0,
            0,
            0
          ]
        },
        "integrity": {
          "framesActual": 179,
          "framesExpected": 179,
          "framesDropped": 0,
          "meanIntervalMs": 33.43258426966292,
          "maxIntervalMs": 50,
          "measuredFps": 29.9109393379264
        },
        "opfsBytes": 21143552,
        "opfsWriteTotalMs": 70.90000012516975
      },
      {
        "stage": 2,
        "cellCount": 2,
        "bitmapKeepUpRatio": 0.5485714285714286,
        "rebuildMs": 0,
        "rebuildRateVsRealtime": 0,
        "gapBeforeThisTakeMs": 2.7000000178813934,
        "atlasReadyDelayMs": 0,
        "recordRenderFps": 36.05079885292913,
        "recordJank": {
          "framesObserved": 220,
          "meanMs": 27.595000000027092,
          "medianMs": 17.299999982118607,
          "p95Ms": 110.59999999403954,
          "p99Ms": 144.40000000596046,
          "maxMs": 730.8000000119209,
          "over16ms": 157,
          "over33ms": 19,
          "over50ms": 14,
          "over100ms": 12,
          "over33msRatio": 0.08636363636363636,
          "longestJankStreak": 1,
          "jankScore": 2813.478500044991,
          "histogramMs": [
            13,
            142,
            44,
            5,
            2,
            0,
            0,
            0,
            1,
            1,
            1,
            4,
            2,
            2,
            1,
            0,
            0,
            0,
            0,
            0,
            2
          ]
        },
        "integrity": {
          "framesActual": 175,
          "framesExpected": 176,
          "framesDropped": 3,
          "meanIntervalMs": 34.04022988505747,
          "maxIntervalMs": 70,
          "measuredFps": 29.377004896167485
        },
        "opfsBytes": 11403264,
        "opfsWriteTotalMs": 75.90000000596046
      },
      {
        "stage": 3,
        "cellCount": 3,
        "bitmapKeepUpRatio": 0.625,
        "rebuildMs": 0,
        "rebuildRateVsRealtime": 0,
        "gapBeforeThisTakeMs": 1.199999988079071,
        "atlasReadyDelayMs": 0,
        "recordRenderFps": 39.79434283614689,
        "recordJank": {
          "framesObserved": 250,
          "meanMs": 25.034400000095367,
          "medianMs": 17.200000017881393,
          "p95Ms": 99.69999998807907,
          "p99Ms": 119.69999998807907,
          "maxMs": 138.40000000596046,
          "over16ms": 164,
          "over33ms": 30,
          "over50ms": 24,
          "over100ms": 11,
          "over33msRatio": 0.12,
          "longestJankStreak": 3,
          "jankScore": 417.06032001157286,
          "histogramMs": [
            12,
            168,
            39,
            4,
            3,
            0,
            2,
            2,
            5,
            3,
            7,
            3,
            1,
            1,
            0,
            0,
            0,
            0,
            0,
            0,
            0
          ]
        },
        "integrity": {
          "framesActual": 176,
          "framesExpected": 176,
          "framesDropped": 4,
          "meanIntervalMs": 34,
          "maxIntervalMs": 87,
          "measuredFps": 29.41176470588235
        },
        "opfsBytes": 13066240,
        "opfsWriteTotalMs": 57.19999986886978
      },
      {
        "stage": 4,
        "cellCount": 4,
        "bitmapKeepUpRatio": 0.5873015873015873,
        "rebuildMs": 0,
        "rebuildRateVsRealtime": 0,
        "gapBeforeThisTakeMs": 0.9000000059604645,
        "atlasReadyDelayMs": 0,
        "recordRenderFps": 29.13785411562026,
        "recordJank": {
          "framesObserved": 209,
          "meanMs": 32.63157894736842,
          "medianMs": 20.399999976158142,
          "p95Ms": 89.2999999821186,
          "p99Ms": 213.19999998807907,
          "maxMs": 473.89999997615814,
          "over16ms": 157,
          "over33ms": 50,
          "over50ms": 28,
          "over100ms": 10,
          "over33msRatio": 0.23923444976076555,
          "longestJankStreak": 4,
          "jankScore": 1689.3087079856875,
          "histogramMs": [
            12,
            89,
            46,
            24,
            10,
            9,
            4,
            1,
            4,
            0,
            1,
            1,
            4,
            0,
            0,
            0,
            1,
            0,
            0,
            0,
            3
          ]
        },
        "integrity": {
          "framesActual": 63,
          "framesExpected": 75,
          "framesDropped": 21,
          "meanIntervalMs": 80.37096774193549,
          "maxIntervalMs": 365,
          "measuredFps": 12.442303833032309
        },
        "opfsBytes": 4395008,
        "opfsWriteTotalMs": 240.4000000655651
      },
      {
        "stage": 5,
        "cellCount": 5,
        "bitmapKeepUpRatio": 0.8545454545454545,
        "rebuildMs": 0,
        "rebuildRateVsRealtime": 0,
        "gapBeforeThisTakeMs": 64.40000000596046,
        "atlasReadyDelayMs": 0,
        "recordRenderFps": 34.69883751579948,
        "recordJank": {
          "framesObserved": 237,
          "meanMs": 27.615611814371142,
          "medianMs": 20.19999998807907,
          "p95Ms": 61,
          "p99Ms": 188.60000002384186,
          "maxMs": 380.59999999403954,
          "over16ms": 164,
          "over33ms": 51,
          "over50ms": 20,
          "over100ms": 3,
          "over33msRatio": 0.21518987341772153,
          "longestJankStreak": 4,
          "jankScore": 834.5792404976878,
          "histogramMs": [
            18,
            99,
            56,
            31,
            13,
            8,
            5,
            1,
            3,
            0,
            0,
            0,
            0,
            0,
            0,
            0,
            0,
            0,
            1,
            0,
            2
          ]
        },
        "integrity": {
          "framesActual": 55,
          "framesExpected": 57,
          "framesDropped": 22,
          "meanIntervalMs": 105.44444444444444,
          "maxIntervalMs": 527,
          "measuredFps": 9.483667017913593
        },
        "opfsBytes": 5582848,
        "opfsWriteTotalMs": 128.30000001192093
      },
      {
        "stage": 6,