{
  "ranAt": "2026-05-16T13:14:04.001Z",
  "git": {
    "sha": "eb8a8b0",
    "dirty": true
  },
  "experiment": "progressive-streams",
  "params": {
    "captureResolution": {
      "width": 1280,
      "height": 720
    },
    "canvasResolution": {
      "width": 540,
      "height": 982
    },
    "takeSeconds": 6,
    "stages": 9,
    "maxQueue": 8,
    "targetFps": 30
  },
  "device": {
    "userAgent": "Mozilla/5.0 (Linux; Android 10; K) AppleWebKit/537.36 (KHTML, like Gecko) Chrome/148.0.0.0 Mobile Safari/537.36",
    "viewport": {
      "width": 384,
      "height": 755
    }
  },
  "result": {
    "stages": [
      {
        "stage": 1,
        "cellCount": 1,
        "gapBeforeThisTakeMs": 0,
        "recordRenderFps": 60.18817070964458,
        "recordJank": {
          "framesObserved": 364,
          "meanMs": 16.580219780268905,
          "medianMs": 16.600000023841858,
          "p95Ms": 18.80000001192093,
          "p99Ms": 22.30000001192093,
          "maxMs": 27.69999998807907,
          "over16ms": 274,
          "over33ms": 0,
          "over50ms": 0,
          "over100ms": 0,
          "over33msRatio": 0,
          "longestJankStreak": 0,
          "jankScore": 0,
          "histogramMs": [
            2,
            352,
            10,
            0,
            0,
            0,
            0,
            0,
            0,
            0,
            0,
            0,
            0,
            0,
            0,
            0,
            0,
            0,
            0,
            0,
            0
          ]
        },
        "integrity": {
          "framesActual": 179,
          "framesExpected": 179,
          "framesDropped": 0,
          "meanIntervalMs": 33.42696629213483,
          "maxIntervalMs": 43,
          "measuredFps": 29.915966386554626
        }
      },
      {
        "stage": 2,
        "cellCount": 2,
        "gapBeforeThisTakeMs": 1.300000011920929,
        "recordRenderFps": 59.89014625101632,
        "recordJank": {
          "framesObserved": 362,
          "meanMs": 16.64613259670155,
          "medianMs": 16.599999994039536,
          "p95Ms": 19.5,
          "p99Ms": 21.30000001192093,
          "maxMs": 25.200000017881393,
          "over16ms": 285,
          "over33ms": 0,
          "over50ms": 0,
          "over100ms": 0,
          "over33msRatio": 0,
          "longestJankStreak": 0,
          "jankScore": 0,
          "histogramMs": [
            2,
            347,
            13,
            0,
            0,
            0,
            0,
            0,
            0,
            0,
            0,
            0,
            0,
            0,
            0,
            0,
            0,
            0,
            0,
            0,
            0
          ]
        },
        "integrity": {
          "framesActual": 179,
          "framesExpected": 180,
          "framesDropped": 0,
          "meanIntervalMs": 33.42134831460674,
          "maxIntervalMs": 40,
          "measuredFps": 29.920995125231133
        }
      },
      {
        "stage": 3,
        "cellCount": 3,
        "gapBeforeThisTakeMs": 0.8999999761581421,
        "recordRenderFps": 59.66646281990789,
        "recordJank": {
          "framesObserved": 361,
          "meanMs": 16.713296398891966,
          "medianMs": 16.600000023841858,
          "p95Ms": 20.80000001192093,
          "p99Ms": 25.5,
          "maxMs": 31.400000005960464,
          "over16ms": 255,
          "over33ms": 0,
          "over50ms": 0,
          "over100ms": 0,
          "over33msRatio": 0,
          "longestJankStreak": 0,
          "jankScore": 0,
          "histogramMs": [
            3,
            333,
            24,
            1,
            0,
            0,
            0,
            0,
            0,
            0,
            0,
            0,
            0,
            0,
            0,
            0,
            0,
            0,
            0,
            0,
            0
          ]
        },
        "integrity": {
          "framesActual": 178,
          "framesExpected": 179,
          "framesDropped": 0,
          "meanIntervalMs": 33.429378531073446,
          "maxIntervalMs": 46,
          "measuredFps": 29.913807672807167
        }
      },
      {
        "stage": 4,
        "cellCount": 4,
        "gapBeforeThisTakeMs": 1.300000011920929,
        "recordRenderFps": 53.47064065770123,
        "recordJank": {
          "framesObserved": 324,
          "meanMs": 18.575617283950617,
          "medianMs": 17.099999994039536,
          "p95Ms": 33,
          "p99Ms": 36.80000001192093,
          "maxMs": 38.400000005960464,
          "over16ms": 204,
          "over33ms": 16,
          "over50ms": 0,
          "over100ms": 0,
          "over33msRatio": 0.04938271604938271,
          "longestJankStreak": 1,
          "jankScore": 0.42623456738613275,
          "histogramMs": [
            5,
            241,
            49,
            29,
            0,
            0,
            0,
            0,
            0,
            0,
            0,
            0,
            0,
            0,
            0,
            0,
            0,
            0,
            0,
            0,
            0
          ]
        },
        "integrity": {
          "framesActual": 175,
          "framesExpected": 178,
          "framesDropped": 1,
          "meanIntervalMs": 33.62068965517241,
          "maxIntervalMs": 68,
          "measuredFps": 29.743589743589745
        }
      },
      {
        "stage": 5,
        "cellCount": 5,
        "gapBeforeThisTakeMs": 2.600000023841858,
        "recordRenderFps": 42.224714653420044,
        "recordJank": {
          "framesObserved": 256,
          "meanMs": 23.555468749953434,
          "medianMs": 19.30000001192093,
          "p95Ms": 37.89999997615814,
          "p99Ms": 50.39999997615814,
          "maxMs": 56.30000001192093,
          "over16ms": 205,
          "over33ms": 45,
          "over50ms": 3,
          "over100ms": 0,
          "over33msRatio": 0.17578125,
          "longestJankStreak": 3,
          "jankScore": 9.934726560967974,
          "histogramMs": [
            1,
            135,
            40,
            72,
            5,
            3,
            0,
            0,
            0,
            0,
            0,
            0,
            0,
            0,
            0,
            0,
            0,
            0,
            0,
            0,
            0
          ]
        },
        "integrity": {
          "framesActual": 173,
          "framesExpected": 174,
          "framesDropped": 7,
          "meanIntervalMs": 34.54651162790697,
          "maxIntervalMs": 92,
          "measuredFps": 28.946482665769103
        }
      },
      {
        "stage": 6,
        "cellCount": 6,
        "gapBeforeThisTakeMs": 4.700000017881393,
        "recordRenderFps": 40.54478958089651,
        "recordJank": {
          "framesObserved": 245,
          "meanMs": 24.517959183576156,
          "medianMs": 19.799999982118607,
          "p95Ms": 42.79999998211861,
          "p99Ms": 49.599999994039536,
          "maxMs": 50.80000001192093,
          "over16ms": 196,
          "over33ms": 60,
          "over50ms": 1,
          "over100ms": 0,
          "over33msRatio": 0.24489795918367346,
          "longestJankStreak": 4,
          "jankScore": 11.143714287607027,
          "histogramMs": [
            2,
            123,
            26,
            79,
            14,
            1,
            0,
            0,
            0,
            0,
            0,
            0,
            0,
            0,
            0,
            0,
            0,
            0,
            0,
            0,
            0
          ]
        },
        "integrity": {
          "framesActual": 178,
          "framesExpected": 179,
          "framesDropped": 1,
          "meanIntervalMs": 33.58757062146893,
          "maxIntervalMs": 72,