{
  "ranAt": "2026-05-14T20:36:19.934Z",
  "git": {
    "sha": "8e5a41e",
    "dirty": true
  },
  "experiment": "raw-capability",
  "params": {
    "maxDecoders": 16,
    "reconfigureIterations": 30,
    "uploadIterations": 60,
    "recordSeconds": 6,
    "highRes": {
      "width": 1280,
      "height": 720
    },
    "lowRes": {
      "width": 640,
      "height": 480
    }
  },
  "device": {
    "userAgent": "Mozilla/5.0 (Linux; Android 10; K) AppleWebKit/537.36 (KHTML, like Gecko) Chrome/148.0.0.0 Mobile Safari/537.36",
    "viewport": {
      "width": 384,
      "height": 699
    }
  },
  "result": {
    "highRes": {
      "input": {
        "requested": "1280x720",
        "actual": "720x1280"
      },
      "throughput": {
        "width": 720,
        "height": 1280,
        "framesPerSecond": 85.77310155622926,
        "realtimeCellBudget": 2.859103385207642
      },
      "upload": {
        "width": 720,
        "height": 1280,
        "meanMs": 1.1966666673620543
      }
    },
    "lowRes": {
      "input": {
        "requested": "640x480",
        "actual": "480x640"
      },
      "throughput": {
        "width": 480,
        "height": 640,
        "framesPerSecond": 140.12143858010276,
        "realtimeCellBudget": 4.670714619336759
      },
      "upload": {
        "width": 480,
        "height": 640,
        "meanMs": 1.3483333334326744
      }
    },
    "decoderCeiling": {
      "ceiling": 16,
      "stoppedBy": "max-reached"
    },
    "reconfigure": {
      "meanMs": 79.17333333392938,
      "samplesMs": [
        399.09999999403954,
        54.20000001788139,
        62.79999998211861,
        68.30000001192093,
        59.900000005960464,
        68.90000000596046,
        66.59999999403954,
        60.70000001788139,
        68.69999998807907,
        74,
        81.90000000596046,
        75.90000000596046,
        73.09999999403954,
        61.20000001788139,
        69.19999998807907,
        57,
        70.69999998807907,
        63.900000005960464,
        60,
        65.69999998807907,
        61.400000005960464,
        76.5,
        66.2000000178814,
        70.59999999403954,
        74.2999999821186,
        79.60000002384186,
        70.5,
        71.2999999821186,
        63.400000005960464,
        79.59999999403954
      ]
    }
  }
}
